{
  "students": [
    {
      "id": 1,
      "name": "haitt",
      "point": 9,
      "dateOfBirth": "1998-01-01",
      "classroom": {
        "id": 1,
        "nameClass": "A0422I1"
      }
    },
    {
      "id": 2,
      "name": "haitt1",
      "point": 9,
      "dateOfBirth": "1998-01-01",
      "classroom": {
        "id": 2,
        "nameClass": "A0522I1"
      }
    },
    {
      "id": 3,
      "name": "HAiTT1",
      "dateOfBirth": "2023-03-07",
      "point": 9,
      "classroom": {
        "id": 1,
        "nameClass": "A0422I1"
      }
    },
    {
      "id": 4,
      "name": "Tín",
      "dateOfBirth": "2023-03-01",
      "point": 9,
      "classroom": {
        "id": 1,
        "nameClass": "A0422I1"
      }
    },
    {
      "id": 5,
      "name": "abcde",
      "dateOfBirth": "2023-03-08",
      "point": 5,
      "classroom": {
        "id": 3,
        "nameClass": "A0622I1"
      }
    }
  ],
  "classrooms": [
    {
      "id": 1,
      "nameClass": "A0422I1"
    },
    {
      "id": 2,
      "nameClass": "A0522I1"
    },
    {
      "id": 3,
      "nameClass": "A0622I1"
    }
  ]
}